GPA,test_scores,age,gender,socioeconomic_status,extracurriculars,hours_studied_per_week,part_time_job,enrolled,graduated
2.749080237694725,411,18,Male,High,Many,8,1,1,0
3.9014286128198323,615,22,Male,High,Many,29,1,1,1
3.46398788362281,738,20,Female,Middle,None,33,1,0,0
3.197316968394073,1060,22,Male,Middle,Many,3,1,0,1
2.312037280884873,1504,20,Male,Low,Many,35,0,0,0
2.3119890406724055,773,21,Male,Middle,None,5,0,1,1
2.116167224336399,1375,20,Female,Low,Few,27,1,1,1
3.73235229154987,1109,24,Female,Low,None,12,0,1,1
3.2022300234864174,865,19,Male,Low,Many,20,0,0,0
3.416145155592091,1512,22,Male,High,Many,20,1,1,1
2.041168988591605,888,17,Male,Middle,Many,9,1,0,1
3.9398197043239884,446,24,Female,Low,None,39,0,0,0
3.6648852816008435,1177,21,Female,Middle,Many,4,1,1,0
2.4246782213565523,1439,19,Female,Low,Many,19,1,1,1
2.3636499344142012,1110,18,Male,Middle,None,38,0,1,0
2.3668090197068676,800,24,Female,Middle,Few,27,0,1,1
2.6084844859190754,1380,22,Male,Low,Few,13,0,0,1
3.049512863264476,1509,23,Male,High,Many,13,1,0,1
2.8638900372842313,649,23,Male,Middle,None,22,1,1,1
2.582458280396084,790,17,Female,High,Many,28,1,1,1
3.223705789444759,734,20,Male,High,None,22,1,1,0
2.278987721304084,1028,17,Female,Low,None,19,0,1,1
2.5842892970704363,536,23,Female,Low,Few,8,0,1,0
2.7327236865873834,1282,18,Male,Low,Few,8,1,0,1
2.912139968434072,1087,21,Male,Middle,None,26,0,0,1
3.570351922786027,1226,21,Female,Low,Many,26,0,1,0
2.3993475643167193,1126,22,Male,Low,Few,23,0,0,1
3.0284688768272234,993,21,Female,Middle,Many,13,0,1,0
3.184829137724085,1389,22,Male,Middle,Few,28,0,1,1
2.0929008254399957,771,24,Female,Low,Few,9,0,1,1
3.2150897038028767,1334,22,Female,Low,Many,20,0,0,1
2.341048247374583,1394,24,Female,Low,Few,19,0,0,0
2.130103185970559,801,22,Female,Low,Few,39,1,1,1
3.8977710745066663,1014,23,Male,High,Many,12,1,1,1
3.9312640661491187,1582,23,Male,High,Few,15,0,1,0
3.6167946962329225,1575,20,Female,Low,Few,31,1,1,1
2.609227538346741,1394,24,Female,High,Few,14,0,1,0
2.1953442280127677,1019,19,Male,Middle,Many,11,1,1,1
3.3684660530243136,587,24,Male,High,None,26,1,1,1
2.8803049874792026,1521,22,Male,High,Many,27,1,1,1
2.2440764696895577,530,22,Male,Low,None,11,1,1,1
2.9903538202225404,1204,19,Male,High,Few,38,0,0,1
2.068777042230437,1594,17,Male,High,None,34,0,1,1
3.818640804157564,1335,22,Female,High,Many,19,1,1,0
2.517559963200034,1385,20,Male,High,Many,6,0,1,0
3.325044568707964,582,21,Male,Middle,Few,38,0,1,1
2.623422152178822,1382,21,Female,Low,None,28,1,1,1
3.0401360423556216,763,18,Male,Low,Few,1,1,1,1
3.0934205586865593,438,18,Male,Middle,Few,35,1,1,0
2.3697089110510543,896,21,Male,High,Many,8,0,1,0
3.939169255529117,1381,21,Male,Middle,None,7,1,1,0
3.550265646722229,1320,23,Male,High,None,11,0,1,1
3.8789978831283785,1121,20,Female,Middle,None,39,0,1,1
3.789654700855298,1584,19,Male,Low,None,4,1,0,0
3.19579995762217,415,18,Female,Low,Few,25,0,1,0
3.8437484700462337,892,23,Female,Low,Few,12,0,0,1
2.176985004103839,1531,23,Male,High,Many,26,1,1,0
2.3919657248382906,1293,19,Female,High,Few,38,0,0,1
2.090454577821076,710,23,Male,Middle,Few,12,0,1,0
2.650660661526529,1138,24,Female,Middle,Many,37,0,1,1
2.7773545793789642,1593,20,Female,Low,Many,24,0,0,1
2.5426980635477916,945,21,Male,High,Many,16,0,0,1
3.6574750183038587,813,22,Male,Middle,Few,13,1,0,0
2.713506653387179,650,19,Male,High,Few,25,1,1,0
2.5618690193747615,1158,21,Male,High,Many,4,0,1,1
3.085392166316497,1564,21,Male,Low,Many,11,1,0,1
2.2818484499495253,1462,17,Female,Low,Many,32,0,0,0
3.6043939615080793,1213,24,Female,High,Few,7,0,1,0
2.1491012873595414,428,19,Female,High,Few,11,1,0,1
3.9737738732010346,1357,23,Female,High,None,28,0,1,1
3.544489538593315,876,22,Female,High,Few,23,1,0,0
2.397431363068345,717,19,Female,Low,Few,23,0,1,0
2.011044234247205,644,23,Female,Middle,Few,28,1,0,1
3.6309228569096685,1147,21,Male,Low,Many,26,0,1,1
3.4137146876952342,1096,22,Male,Middle,Few,25,0,0,1
3.4580143360819746,671,23,Female,High,Many,29,0,1,1
3.5425406933718913,776,20,Female,Middle,None,19,1,1,0
2.148089303468181,665,23,Male,Low,None,33,1,1,0
2.7169314570885454,1325,17,Male,Low,Many,36,1,1,0
2.2317381190502594,1320,24,Male,High,Many,14,0,1,1
3.7262068517511873,739,21,Male,Low,Many,14,0,1,1
3.246596253655116,788,23,Female,High,Few,35,0,1,0
2.6617960497052984,976,24,Male,Low,None,30,1,0,1
2.1271167005720475,402,18,Female,Low,Many,28,1,1,0
2.6219646434313244,1565,18,Female,High,Few,17,0,1,1
2.650366644053494,775,24,Female,Middle,None,3,1,0,1
3.459212356676128,723,24,Male,Low,Few,16,0,0,0
3.2751149427104265,545,17,Male,Middle,None,30,1,0,0
3.774425485152653,692,20,Female,Low,Few,29,1,1,1
2.944429850323899,831,21,Female,Low,None,15,0,0,1
2.2391884918766034,1104,19,Female,Low,None,25,0,0,1
3.42648957444599,1348,17,Male,Low,Few,38,1,0,1
3.521570097233795,984,20,Female,Middle,Many,38,1,1,1
3.1225543951389927,798,24,Male,Middle,None,23,1,1,0
3.541934359909122,1216,19,Female,Low,Many,25,1,1,0
2.9875911927287815,1363,24,Female,Low,Few,7,0,0,1
3.0454656587639883,1563,24,Female,Middle,Many,22,1,0,0
2.855082036717099,586,18,Male,High,Many,17,1,1,1
2.05083825348819,460,18,Male,High,Many,18,1,1,0
2.215782853986609,1338,19,Female,Middle,Many,10,0,1,0
2.0628583713734683,1109,17,Male,Low,Many,10,0,0,0
3.272820822527561,1206,18,Female,Low,None,7,0,1,1
2.6287119621526536,410,21,Male,High,None,38,0,1,0
3.0171413823294055,1485,24,Male,High,None,27,0,0,1
3.8151329478521863,625,22,Male,Middle,Few,33,0,0,1
2.49858445829775,1576,23,Female,High,Many,1,0,1,1
2.8207658460712595,963,19,Male,Middle,None,34,0,1,1
3.5111022770860973,1171,19,Male,High,Few,4,1,1,0
2.457596330983245,1284,18,Female,High,None,17,0,1,1
2.1539598196575858,1530,17,Female,High,None,4,0,1,0
2.5795029058275363,625,24,Female,Low,Many,26,0,0,1
2.322442574508009,1224,21,Female,Low,Few,4,0,1,0
3.859395304685146,617,17,Male,Low,Many,1,1,1,1
3.616240759128834,1336,20,Male,High,Many,7,0,0,1
3.266807513020847,1152,20,Male,Middle,None,30,1,1,1
3.7429211803754354,905,22,Male,Middle,Many,9,1,0,1
3.6073441537982287,658,18,Male,Middle,Few,35,1,1,1
2.3731401177720715,453,18,Female,Middle,Many,8,1,1,0
3.7851179969799555,1470,18,Male,Low,Many,24,1,1,1
3.078684483831301,1126,22,Male,Low,Many,19,1,1,0
3.6148803103281253,1088,20,Male,High,None,36,0,0,1
3.7921825998469867,1522,17,Female,High,Few,27,0,1,1
2.6360069499437278,1443,22,Female,Middle,None,32,1,1,1
2.2201038490553535,818,22,Male,Low,None,14,0,1,1
2.4558703250838834,1089,17,Female,Middle,None,18,0,1,1
2.8542155772525124,1249,18,Female,High,None,28,1,1,1
3.6360295318449865,461,21,Female,High,None,29,1,0,0
3.721461166512687,1568,17,Female,Middle,Few,16,0,1,1
2.0139042610623816,615,20,Female,High,Many,35,1,0,1
3.0214946051551315,402,19,Female,Middle,None,31,0,0,1
2.834822006297558,559,24,Female,Low,None,4,1,1,1
2.4442156209414607,1180,19,Male,Middle,Few,37,0,1,0
2.239730734667366,1543,23,Male,Low,Few,17,0,0,0
2.675230342807256,1292,23,Female,Low,Many,39,1,1,1
3.8858194078250383,1512,22,Male,High,Few,26,0,0,0
2.6464058640415105,728,24,Male,High,Many,39,1,1,0
3.0375812434867324,979,19,Female,High,None,4,0,1,1
3.4060379177903557,1351,21,Male,Middle,None,30,0,1,1
2.727259204758588,1034,18,Female,Middle,Many,30,1,0,1
3.9435641654419213,1387,20,Female,High,Few,22,0,1,0
3.9248945898842225,1320,23,Female,Middle,Many,11,0,1,1
2.5035645916507283,1137,21,Male,High,Few,2,0,1,0
2.994497011784771,569,20,Male,Middle,None,12,1,1,1
2.601756619633539,920,20,Male,Low,Few,30,1,1,0
2.5696809887549352,439,18,Male,Low,Many,36,1,0,1
2.0737738947090656,1354,24,Female,High,Many,18,0,1,1
3.2191286679597937,1383,22,Female,Middle,None,26,0,1,1
3.005358046457723,1547,19,Male,Middle,Few,7,0,0,1
2.1029575024999785,1374,18,Female,Low,Few,1,1,1,1
2.557292928473223,437,21,Female,Low,Few,26,0,0,0
3.8165317719333074,727,22,Male,High,None,23,1,1,1
2.4791237813339446,1599,21,Female,Low,Few,26,0,1,0
2.289789744182446,1313,22,Male,High,Many,6,1,1,1
2.9789055205551263,853,24,Female,Low,Few,6,1,1,1
3.9713009082212016,436,23,Male,Low,None,8,1,0,0
2.484110543023001,1372,21,Female,Middle,Few,24,0,1,1
3.344271094811757,1195,18,Female,Low,Few,22,0,0,0
3.523239230657435,1372,22,Male,Low,Many,19,0,1,0
2.4752750879847993,992,22,Male,High,Few,37,0,0,1
3.456432697223719,1537,20,Male,Low,Many,18,0,1,1
2.7355662654385062,1463,20,Male,High,Many,31,1,1,1
3.2646116611871587,623,17,Female,Low,None,37,0,1,0
3.2670594215217896,717,21,Female,Low,Many,30,1,1,0
3.071549368149517,748,20,Male,High,Many,33,1,1,1
2.1805795401088166,514,17,Female,Middle,None,10,0,1,0
3.670604991178476,1097,23,Male,High,Many,37,1,0,0
2.6415601299434717,1463,23,Male,High,None,12,0,1,1
2.3730370207997087,439,20,Female,High,Few,30,0,0,1
2.081550283109528,615,21,Female,Middle,None,27,0,0,1
3.181785886376484,1570,22,Male,Low,Many,39,1,1,0
3.355128723684565,735,19,Male,High,None,9,0,0,0
2.033175657855712,1591,24,Male,High,Many,21,0,0,0
3.024186116598562,491,21,Female,Middle,Few,12,1,0,1
2.452991550395876,752,24,Female,High,None,29,0,0,0
3.2903455808189,970,18,Female,Low,Few,33,1,0,1
2.348732858009983,1215,23,Female,Middle,Many,15,1,1,1
3.381875476204932,1180,20,Male,Low,Many,2,1,0,1
2.773470692601075,762,20,Male,Low,Few,39,0,1,1
3.873459977473469,956,24,Male,Middle,None,18,0,0,0
2.2750418882919865,1593,22,Male,High,None,3,0,1,0
2.682132702100517,755,24,Male,Low,Many,7,0,0,1
2.226947042481178,590,18,Male,Low,Few,18,0,1,0
3.8493872365571256,821,22,Female,Low,Few,38,0,1,1
3.754678706761962,1099,18,Female,Low,None,37,1,0,1
2.515883255430311,406,19,Male,Middle,None,33,1,1,1
3.319968092068358,532,23,Male,Middle,None,31,0,1,0
3.6344444004024314,956,20,Female,Low,Few,11,0,0,1
3.110401623198925,1225,20,Female,High,None,4,0,1,0
3.0593011567120127,1160,19,Female,Low,None,18,0,1,1
2.4837045818009034,1454,17,Female,High,Many,4,1,1,1
2.1862055356117986,934,23,Male,Low,None,34,1,1,1
3.7944315159066537,825,22,Male,High,None,29,1,1,1
3.800836114326661,1071,19,Male,Low,Few,24,1,1,1
3.266202914546536,762,22,Male,High,Few,22,1,1,1
2.6780595820974016,481,24,Male,Low,Many,2,1,1,1
2.698419149225322,755,21,Female,Low,None,6,0,0,0
3.451911357740479,988,20,Male,High,Many,25,1,1,1
3.794220519905154,694,22,Female,Middle,Few,21,0,0,1
3.7741728485302346,1469,18,Male,High,Many,16,0,0,0
3.5597510917152477,1536,22,Male,Middle,Few,31,0,1,0
3.2840632923085753,416,21,Male,Low,Many,14,0,1,0
2.1682799299900974,759,23,Male,High,Many,39,1,0,0
2.3232574281892275,1265,20,Male,High,None,28,0,1,1
3.7971083770541583,1099,24,Female,High,Many,32,0,1,1
3.21285811931918,847,19,Female,Middle,None,28,0,1,1
2.018394103233259,1255,24,Female,Middle,None,9,1,1,1
2.2029430857320644,764,21,Male,Low,None,22,0,1,1
3.3270035382161116,1074,20,Male,Middle,None,32,1,0,0
2.0101231676924374,1407,22,Female,Middle,Many,5,1,0,1
2.321616102834997,866,23,Male,Low,Few,23,1,1,1
3.0974675787331725,813,17,Male,High,Few,5,1,0,1
3.3837903953853865,985,23,Female,High,Few,32,0,1,0
3.303922519005201,1393,17,Male,Low,Many,10,0,1,1
2.44853861892112,971,18,Female,High,None,39,1,1,0
3.4243584426950715,734,23,Male,Middle,Few,15,0,0,1
2.4744981749936,436,20,Female,Low,Many,7,0,1,0
2.6507993963185355,1388,17,Male,Low,None,29,1,1,1
3.4929828102360485,677,19,Male,Low,Few,3,0,1,0
3.2992657980944293,1315,20,Female,High,None,19,1,0,0
3.698446820988356,883,19,Male,Low,Few,10,0,1,1
3.3152257846006865,1130,23,Male,Low,Few,28,1,1,0
3.1366172066709432,591,19,Female,Low,Few,29,1,1,1
2.187349535656185,1440,17,Male,High,None,15,1,1,1
2.7354316061188673,923,20,Female,Middle,Many,35,0,0,1
2.530404735363451,1317,22,Male,Low,None,6,1,0,0
2.487979286758167,800,21,Male,Middle,Few,12,1,1,1
3.9460211095048914,1285,17,Male,High,None,38,0,1,1
2.786195449333521,1104,17,Male,High,Many,13,0,1,1
3.7840931103542266,421,22,Female,High,None,29,1,0,0
3.262277251994526,873,20,Male,High,Many,19,1,0,1
3.589622607083297,1543,20,Female,Middle,Many,3,0,0,1
3.005274186210384,609,24,Male,Low,None,8,1,0,0
3.153807769252718,705,23,Male,High,Few,8,0,1,0
2.985035387637728,1103,19,Male,High,Many,20,0,1,1
2.390485975596089,1086,23,Male,Middle,None,4,1,0,1
3.4449042305230106,684,22,Female,Middle,Many,21,1,1,1
2.5615447248817116,1115,23,Female,High,Few,3,1,0,1
2.0486319328629077,1162,22,Female,Low,None,8,1,1,0
3.290944591814336,1347,20,Female,Low,None,23,0,0,0
2.354221358814098,780,19,Male,High,None,16,0,1,1
3.8809171687058286,859,23,Female,Middle,Few,13,0,1,1
3.9078571540051747,1430,17,Female,High,Many,3,1,1,1
3.829728780440897,428,18,Male,High,None,9,1,1,1
2.7403174005108886,1306,24,Male,Middle,Many,14,0,1,0
2.030913233057735,1456,21,Male,High,Many,13,0,1,1
3.8566371251754505,1278,17,Male,High,Few,7,0,0,1
2.8563682966346287,478,20,Female,High,None,15,1,1,0
3.933309638087339,1346,21,Female,Middle,Many,7,0,1,1
3.9272399541785057,858,18,Male,Low,None,38,0,0,0
3.70601891093472,969,18,Male,Low,None,34,1,1,0
2.5888977841391716,1137,19,Male,Middle,Few,22,1,1,1
2.7701954572038505,915,21,Female,Low,None,24,1,1,1
3.702273343033714,1522,19,Female,High,None,37,1,1,1
2.633844010312555,796,17,Male,Low,Many,1,0,1,0
2.338985493372185,438,22,Male,High,Few,10,1,1,0
3.1136025249167005,1286,22,Female,Low,None,16,1,1,0
3.872309548321562,1196,22,Male,Middle,Many,8,1,1,0
3.392059593349946,556,21,Male,Low,Few,25,0,1,0
3.14012234017873,1498,22,Female,Low,Few,12,0,1,1
2.194352987541537,1283,17,Male,Low,Many,25,0,1,1
3.2300144533983395,1553,19,Female,Middle,Many,17,0,1,1
3.9801077002085266,1373,21,Male,Low,Many,26,1,1,1
2.280168030473048,1507,19,Male,Middle,Many,14,0,1,1
3.0366593047274737,1445,21,Female,High,Many,36,0,1,0
3.754746143855911,1248,19,Female,Low,None,23,0,1,0
3.4815372355084087,1147,18,Male,Middle,None,6,0,0,1
3.394031481990536,1388,19,Female,Middle,Few,5,0,1,1
3.4049681679742188,420,22,Male,Low,None,25,0,1,1
2.7189823024395103,702,18,Male,High,None,18,0,0,1
2.5871836885289867,1268,19,Female,Middle,None,13,1,0,1
3.6187223109570272,483,21,Male,Low,Many,14,1,1,1
3.6202267893583615,969,21,Male,High,Few,28,0,0,1
3.7341446371602074,1333,24,Female,Middle,Few,18,1,1,0
3.8264811051129426,1585,21,Female,Middle,Few,28,1,1,1
3.0226847977218756,1586,20,Male,High,Few,27,1,1,1
3.003032589374399,1408,17,Female,High,None,32,0,1,0
3.5965903579335503,1192,21,Female,Low,None,9,0,1,1
3.2999278615555303,1191,18,Female,Low,Many,32,0,1,1
3.403933754515407,891,24,Female,Middle,Few,20,0,0,1
3.591585338872202,607,21,Male,High,None,28,0,1,1
3.7800106836351324,1483,20,Male,High,None,33,1,1,0
2.6759903137030716,829,22,Male,High,Many,4,0,1,1
2.751165905279888,1384,18,Female,Middle,Many,34,0,0,1
2.187963879681738,919,20,Female,High,Many,3,1,1,1
3.156560281992348,990,22,Female,High,None,26,0,0,0
2.071884547593484,1450,23,Female,Middle,None,8,1,1,0
2.9311960362649203,598,23,Female,Low,Many,6,1,0,1
3.0852892694151532,786,18,Female,Low,Few,16,1,1,0
2.573082504256569,748,19,Female,Middle,Many,24,1,1,0
3.1816665211380215,1359,17,Male,High,Many,39,0,0,1
2.061000499878099,1092,24,Male,Middle,Many,30,1,1,1
2.074696377498429,777,17,Female,Low,Many,13,1,1,1
3.6452011213193165,1298,20,Female,Low,None,5,1,1,0
2.720381282822526,1315,22,Female,Middle,Few,25,0,1,1
2.2541210253037693,926,17,Male,Middle,Many,20,1,1,1
3.0444865201096087,1576,22,Male,Low,Few,18,0,1,0
3.5399871061972217,1133,22,Female,Middle,Few,18,1,1,0
2.431642054993686,605,20,Female,Low,Few,2,0,1,1
3.2457809516380003,854,20,Male,Middle,Many,10,1,0,1
2.170694929987536,920,20,Male,Middle,None,12,1,1,1
2.1033634423372156,1416,17,Male,Middle,Many,13,0,1,0
3.0627092631362958,1355,23,Male,Low,Few,11,0,0,0
3.081270243220213,1125,20,Female,Middle,Few,19,0,1,1
3.274859802996413,1413,24,Male,Low,None,35,1,1,0
3.452182667445323,900,17,Male,Low,Many,39,1,1,1
3.951704158925069,516,20,Female,Middle,Few,26,1,0,1
3.0326006966023904,785,21,Male,Middle,None,14,1,1,0
2.645912945882492,983,22,Male,Low,Few,24,1,1,1
3.590372389537407,794,24,Male,Low,None,1,0,1,1
2.5416645025241484,1487,20,Female,High,None,22,0,1,1
2.877942841411272,1120,18,Male,Low,Many,23,1,1,0
2.1569127626845317,471,22,Female,High,Few,19,0,1,0
2.0507014868309152,673,22,Female,High,Many,18,0,0,1
3.92529682935585,737,20,Male,High,Few,12,0,1,1
3.6719602410244114,1006,23,Male,Middle,Many,28,0,1,0
3.391948412187396,565,19,Male,Middle,Few,28,1,0,0
2.8179058888285398,410,23,Male,Low,Many,33,0,1,0
2.3465886401416913,1128,20,Female,High,None,19,1,0,1
2.3128740853421723,1200,22,Male,Middle,Few,28,0,0,1
2.5004857963291904,501,24,Male,Middle,Few,37,0,1,1
3.0984533294122407,1178,18,Male,Middle,None,26,0,1,0
3.4291918454001244,613,24,Female,Middle,Many,35,1,1,1
3.3203947534354628,1511,24,Male,Middle,Few,34,1,1,0
2.5598677938918857,800,22,Male,High,Few,35,1,0,1
3.909730561326388,987,23,Female,High,Many,16,1,1,1
3.475793833391537,1288,18,Female,High,None,38,1,1,0
3.108708105022801,1469,17,Male,High,Many,13,1,1,1
3.2234414924687043,991,21,Male,Low,Many,23,1,1,0
2.83920012485558,1509,22,Male,High,Many,22,1,1,0
2.495461979002315,491,20,Male,Middle,Few,16,0,1,1
2.711945357302523,1072,17,Male,High,None,28,1,1,1
3.515692220928738,1113,21,Female,Low,None,35,1,0,1
2.0287869772595117,1335,20,Female,Middle,Many,8,1,1,1
2.2321452810138327,641,24,Male,High,Few,22,0,0,1
2.0920052840435055,401,19,Male,High,Many,21,1,0,0
2.08145760463794,624,20,Female,High,Few,26,1,0,0
3.7109211680220144,1200,18,Male,Middle,Few,21,0,1,1
3.4073157187600476,988,18,Male,Middle,Few,25,1,1,0
2.9483476581746504,515,19,Male,Low,Few,1,0,1,1
2.195668321302003,1317,17,Male,Middle,None,6,0,1,0
2.9832317502336645,1526,21,Male,Middle,Few,23,0,1,1
2.946943541561131,593,20,Female,High,Few,23,0,1,1
2.3464037398200306,1589,18,Male,Middle,Many,23,1,0,0
2.867703298475946,1270,17,Male,High,Many,32,0,1,0
2.797009468794747,489,19,Male,High,None,30,0,1,1
3.231700196104433,521,23,Female,Middle,Many,13,0,1,0
3.2701873017352874,542,22,Female,Low,Few,18,0,1,0
2.090608019544089,1393,23,Female,Low,Many,23,0,0,1
2.7492252292529424,505,23,Female,Middle,None,15,1,1,0
3.2517198314284728,1286,18,Male,Low,Many,33,0,1,1
3.006272517160175,827,24,Female,High,Many,21,1,1,1
3.7129796823766448,716,24,Male,High,None,39,1,0,0
3.3173872632378902,1034,19,Male,Middle,None,23,0,1,1
2.3258688541628594,408,20,Female,Low,Few,27,1,1,1
2.1411374948008595,1173,24,Female,Low,Many,18,0,0,0
3.2848385564126312,1496,23,Female,High,Few,24,0,1,1
2.053022621083244,622,24,Female,Middle,Many,7,0,1,0
3.1715511625469266,952,23,Female,Low,Many,20,0,1,0
3.880460482849915,1115,21,Male,Middle,Few,27,1,1,0
3.150948355751758,1507,18,Female,Low,Many,6,1,1,0
2.776339852413044,510,18,Female,High,Many,27,0,1,0
3.2865764368847064,650,20,Female,High,Many,9,1,0,1
2.9165057809830333,782,24,Male,Middle,None,31,0,0,1
3.09123357863187,406,24,Female,High,Few,21,1,0,1
3.8829296175530503,858,22,Male,Low,None,26,0,1,1
2.7722052756015483,1507,17,Female,High,Few,13,0,1,1
3.9223811276478284,607,21,Female,Middle,Few,23,0,1,1
3.8107012839121275,1299,18,Male,Middle,Many,20,0,1,1
2.391582269578593,421,21,Female,Middle,Few,37,1,1,0
2.138722601750331,809,18,Male,Low,None,28,1,1,1
2.2015560027548533,1294,21,Male,Low,None,17,0,0,0
2.0364436513030997,914,19,Male,Low,None,28,1,1,0
2.188885921511857,1550,23,Female,Low,Few,2,1,1,1
3.366013546832714,1208,18,Female,Low,None,25,1,1,0
2.1423772969204578,1273,21,Female,High,Few,6,0,1,0
2.6379512605875224,413,24,Male,Low,None,11,0,1,1
3.6897506219389093,1370,17,Female,Low,None,38,1,0,1
2.046543871471652,1377,19,Male,High,Few,6,1,1,1
3.6289369651778713,1413,19,Female,Low,None,11,0,1,1
2.5637095495468,1435,17,Male,Middle,Many,14,0,1,0
2.2363296552433125,486,21,Male,Low,Few,2,0,1,0
3.393474330728301,1308,24,Male,Low,Few,3,1,1,1
3.2578856935597678,521,20,Female,Middle,Few,35,1,1,0
3.7549440270541057,1570,17,Male,Middle,Many,33,0,1,1
3.4701420876077718,1149,21,Male,Middle,Few,24,1,1,0
3.6069618607696974,1084,17,Male,Middle,None,19,1,1,1
2.564069145142613,708,17,Male,Low,None,18,1,1,1
2.3548790875594454,1094,18,Male,Middle,None,24,1,1,1
3.5012295032817167,687,21,Male,Middle,Few,35,1,1,1
3.6136694785345282,706,20,Female,High,None,1,0,0,1
3.9810102840013464,1313,23,Female,Middle,Few,36,1,1,0
2.825235353822853,1061,18,Male,Middle,None,25,0,0,0
2.7440361715855666,948,17,Female,High,Many,34,0,1,0
3.5528259214839935,711,23,Female,High,Many,25,0,0,1
2.6816070805060357,1272,22,Male,Low,Many,16,0,0,0
3.8615146512071297,1482,23,Male,High,Many,34,0,0,1
3.7168255036860236,1323,17,Male,Low,Few,29,0,0,0
2.8579880547500367,1154,17,Female,High,None,19,1,1,1
3.5017421355829947,434,24,Male,High,Many,23,0,1,1
3.5090857481693645,844,21,Female,Low,Few,19,1,1,0
2.206247737671865,492,21,Male,High,Many,25,0,1,0
3.805105813359133,752,18,Female,Low,Many,16,1,1,0
3.010504744895714,1302,20,Male,High,Few,9,1,0,1
3.6529149322154835,1261,18,Male,Middle,Few,1,0,1,1
2.6400992020612235,558,19,Female,High,None,19,1,0,0
3.791046456992401,1356,17,Female,Low,None,33,1,1,1
2.778403357468326,423,23,Female,High,Many,34,1,1,0
2.0216753029605967,803,22,Female,Low,Many,16,1,0,1
3.8107639528385273,1204,17,Female,Low,None,18,1,1,1
2.182573353572267,915,17,Female,Middle,None,34,1,1,1
2.6386272751808297,1131,18,Male,Middle,Few,25,0,1,0
3.90012393410161,931,22,Female,Low,None,6,0,1,1
3.901214293875112,1355,22,Male,High,None,21,1,0,1
3.1468757762465724,551,22,Male,Low,Many,6,0,1,0
3.2636744243395985,1346,18,Female,Low,None,32,0,0,0
2.8968910439566393,1007,17,Male,High,Many,39,0,1,1
2.586421543396129,819,18,Female,High,None,31,0,0,1
2.657329090739832,1540,21,Female,High,Few,10,1,1,1
3.345036912154077,1265,21,Male,High,None,30,0,1,1
3.50474905887536,977,18,Male,Low,None,18,0,1,1
3.583158087451697,734,22,Female,Low,None,24,1,1,0
3.579236285589108,1331,24,Female,Middle,Many,9,1,1,0
2.1824122060973807,694,17,Male,Low,Few,31,0,1,1
2.988840609405163,1154,18,Male,High,None,15,0,1,1
2.1151175200332886,585,18,Male,Middle,Many,4,1,0,1
3.099057764647471,1036,18,Male,High,Few,9,1,1,1
2.883061002746754,929,24,Female,Low,Many,9,0,0,1
3.7754083655165998,420,24,Female,Middle,Many,26,0,0,1
2.701830025104157,1310,19,Female,High,Few,4,0,1,1
2.234134032855212,1266,21,Female,Middle,None,17,0,1,1
2.2859833641056717,1193,23,Male,Middle,Many,16,0,1,0
3.5230212634349445,499,22,Male,Low,Many,15,1,0,1
3.236436126632522,1151,20,Female,High,None,35,0,1,0
2.2022453522455807,877,24,Female,Middle,None,5,1,0,1
2.168213612229995,1339,23,Female,Middle,Few,5,0,0,1
3.40193826291824,925,24,Female,High,Few,20,1,0,1
2.145526012728387,733,22,Female,Middle,Few,15,1,1,1
3.6437201185807124,401,20,Female,Middle,None,18,0,1,0
3.4124844543129926,774,19,Female,Middle,Many,2,1,0,0
2.1626975612837995,692,18,Female,High,Many,29,0,1,1
2.169675428170384,1236,19,Female,High,Few,13,1,0,1
3.973279157002351,1404,24,Male,High,None,4,1,1,0
2.7485415915122404,952,19,Female,High,Many,10,0,1,1
2.7412842941337816,717,23,Male,Low,Few,31,0,1,1
3.625599134515005,780,17,Male,Middle,Many,8,0,1,1
3.894497154767717,413,24,Female,High,Many,3,1,1,0
3.972002127645742,903,24,Female,Middle,None,9,0,1,1
3.5067563705178832,630,23,Male,Middle,None,30,0,1,1
2.7525191710618317,1507,21,Male,Low,Many,11,0,1,1
2.1670014333973375,529,20,Female,High,Few,35,0,1,1
3.5542938318548734,1237,18,Male,High,None,37,1,0,1
3.11680849947161,1568,23,Female,Middle,Many,13,0,1,1
2.848444018493953,1290,20,Female,High,None,36,1,1,0
3.812708770189472,427,22,Female,Middle,None,13,0,0,0
2.2223949646123025,465,20,Male,Middle,None,12,0,1,0
2.9852502085817183,1586,22,Male,Low,Many,37,1,1,0
2.0227072895348384,660,23,Female,Low,Few,10,1,1,1
2.9373212839882523,859,24,Male,Low,Few,9,1,1,1
2.1126065513636747,700,24,Male,Middle,Few,7,0,1,1
2.237635832536144,1318,21,Male,High,None,2,0,1,0
2.2350524935542095,686,23,Male,Low,Many,23,1,1,1
3.298420604232127,1433,22,Male,High,None,39,0,1,0
3.4920897585308466,1029,20,Male,Low,Few,39,0,1,0
3.166737530194319,669,20,Male,Low,Few,21,1,1,0
3.924345096949084,991,22,Female,Middle,Many,23,1,1,1
2.7497411590474083,1243,19,Male,Low,None,29,1,1,0
2.5714241725637215,1261,21,Male,Low,Few,14,1,1,1
3.7371982563789206,532,17,Male,Middle,Many,26,1,0,0
2.447191677038905,1371,24,Male,High,None,5,0,0,1
3.9264450788812226,912,18,Male,Low,None,31,0,1,1
2.0243089493796327,712,20,Male,Middle,Few,25,1,1,1
3.939757653415278,975,18,Male,Low,Few,31,1,0,1
2.0863198239011522,1285,17,Male,Middle,None,20,0,0,1
3.782286227396142,1544,23,Female,High,None,17,0,0,1
3.0554022181726,1530,18,Male,High,Few,2,0,1,1
3.985929592238601,1086,17,Male,Middle,None,25,1,0,0
2.1475931294707977,564,24,Male,Middle,Few,13,0,1,0
3.1077085688026416,704,22,Male,Middle,None,39,0,1,0
3.938605071238198,555,19,Female,High,Few,28,1,1,1
3.0461956883402976,1019,24,Female,Low,Many,6,1,1,1
3.258797276270525,1356,20,Female,High,Few,3,0,0,1
3.3914973779692343,733,17,Female,Middle,Few,35,1,1,1
2.9090821295355465,1368,18,Female,Middle,Many,18,1,1,1
3.255116160168127,910,20,Female,High,None,11,0,1,1
3.1686286238462005,1443,19,Female,Middle,Many,20,0,1,1
3.802316020981978,681,22,Female,High,Few,5,0,1,0
2.090892760682916,1196,23,Female,Middle,None,19,0,0,1
2.5619263791844604,1424,20,Female,Low,Many,22,1,1,0
3.9008229681531175,518,23,Female,Low,None,19,0,0,1
3.7805275677818324,1458,17,Female,Middle,None,16,1,1,0
2.911313505571426,597,19,Female,High,Many,24,0,0,1
3.2402651956030732,884,18,Female,Low,None,4,0,1,1
2.554762365962265,1482,19,Female,High,Many,15,1,1,0
2.3762423194475226,1236,19,Female,Middle,Few,25,0,0,0
2.9273968098799643,1584,21,Male,High,None,35,0,1,1
2.7067044560521056,1408,19,Female,Low,Few,14,0,0,1
3.167312223701744,1090,19,Male,High,Few,19,0,0,1
2.1554692739299695,1435,24,Female,High,None,38,1,1,1
3.948789615332333,889,20,Female,Middle,Many,36,0,1,0
3.9724214889592058,675,18,Male,Middle,None,7,1,1,1
3.3963234280394903,1092,24,Female,Middle,Few,30,1,0,1
3.072192732688241,641,24,Male,Low,Few,19,0,1,1
2.6190552325726557,525,20,Male,Low,Many,25,0,1,0
3.6275900394138976,616,20,Male,Middle,None,16,0,1,1
3.3694623451077588,1462,17,Female,Middle,Few,8,1,1,1
2.3252338786897826,894,20,Female,Low,Few,18,0,1,1
3.821854368987685,826,21,Female,Low,Few,28,1,1,1
3.645074485846338,1318,21,Male,Low,Many,16,0,1,1
3.899599826583848,550,24,Male,Low,Few,19,1,1,1
3.45143901677672,783,23,Female,Middle,Few,17,0,1,0
3.2268303918715797,707,17,Female,Low,None,13,1,0,1
2.8364860725812377,1145,23,Female,Middle,None,7,0,1,1
3.8654569667080265,1291,23,Female,High,Few,27,0,1,0
3.732127779000817,774,24,Female,High,Few,10,0,0,0
2.090437340212379,1431,22,Male,Low,None,34,0,0,1
2.0527339489945042,528,24,Male,High,Many,36,1,1,0
2.752926733756099,1414,18,Male,High,Many,25,0,0,1
3.621106661563666,1068,18,Female,High,Many,6,0,1,1
3.974552258629889,916,20,Male,Low,Many,24,1,1,0
2.3008337822070564,485,20,Male,Low,Many,18,0,1,0
3.1882614307042703,1598,22,Male,High,Many,23,1,0,1
2.7617817132620432,710,20,Male,Middle,Many,6,1,1,1
3.9398287956292064,1542,18,Male,High,Many,29,0,1,0
3.6842378462714174,826,23,Female,Low,None,25,1,1,1
3.6766574094222757,513,24,Male,Low,Many,17,0,1,1
2.9373863195899403,1568,19,Female,Low,Many,24,0,1,1
2.8296390046753306,702,21,Female,High,Many,11,1,1,1
2.5468141438614125,1143,19,Female,Middle,Few,26,1,1,1
2.1127509933018542,987,19,Female,Low,None,34,0,1,1
3.7294447525101067,1386,18,Female,Low,None,28,1,1,0
3.6258020182601554,744,19,Male,High,None,3,0,0,1
3.999435346572261,1213,24,Male,Middle,Many,11,0,1,1
3.9932736741478108,1200,22,Female,High,Many,38,1,1,0
3.110863411205255,1424,17,Female,Low,Few,14,0,1,1
3.537974830361021,1570,20,Female,Middle,None,26,0,1,1
3.8895314597648563,1476,17,Male,Middle,Many,21,1,0,1
3.6992947813548227,1492,23,Female,Low,None,39,1,0,1
2.494696203486395,760,24,Male,Middle,Few,30,0,0,0
2.9010882706201873,1409,24,Female,Middle,Few,8,1,0,1
2.25831883030299,1103,21,Male,High,Few,20,1,1,1
3.9081020545174447,974,24,Female,Low,None,32,1,0,0
3.21234926890176,1584,20,Male,Low,Many,22,1,0,1
2.4572856110069257,1512,24,Female,Low,Many,7,0,1,1
3.3434013688117137,1087,19,Male,Low,Few,9,0,1,0
3.2362564809157917,1180,21,Male,Low,Many,1,0,1,1
2.7163254360656808,984,20,Male,Middle,Few,29,1,1,0
2.227115184399258,988,22,Male,High,None,8,1,1,0
3.3431463911855994,1582,22,Male,Low,Few,4,1,0,0
3.0406154018075866,888,22,Male,High,None,35,1,1,0
3.5446367834712786,1370,22,Male,High,Few,3,0,0,1
3.0403270022239868,1525,19,Female,Middle,Many,7,0,1,0
3.7043630006370805,893,24,Female,Low,Many,27,0,1,1
3.1038136775489713,418,17,Female,Middle,Few,1,0,1,0
3.1218759430707728,796,20,Female,Low,Many,27,0,1,1
3.7533072053166903,1400,19,Female,Middle,Many,16,0,1,1
2.806965732424794,1250,22,Male,High,Many,38,1,0,1
2.2680304569012817,1221,23,Male,Low,None,7,1,1,0
2.057565352626678,854,24,Male,High,Many,23,1,1,1
3.5102745113472382,1124,17,Male,High,None,11,1,1,0
3.2406191027069293,1488,23,Male,Middle,Few,33,0,0,1
3.408159536198447,1499,21,Female,Low,Many,36,1,1,1
2.4259283230178212,1110,23,Female,High,Many,37,1,1,1
2.2727429511735395,542,21,Female,Middle,Many,17,1,1,1
2.029089331335764,1316,21,Female,Low,Few,35,0,1,0
2.701175117613194,1227,22,Male,Low,None,5,0,1,1
3.179835373709266,1004,21,Male,High,None,32,0,1,1
2.7844880901994644,704,18,Male,Low,Many,3,1,1,1
2.874949844047458,1135,20,Female,High,Few,35,1,1,1
3.808317388987497,690,20,Male,Low,Few,14,1,1,0
2.696510934046601,501,22,Female,Middle,Few,31,0,1,0
3.027978978319622,1266,18,Male,High,Few,31,1,0,1
3.567306025482286,1367,23,Male,High,Few,17,1,0,1
2.7930855646425403,1373,19,Female,Low,None,24,0,1,1
3.2441734004557468,1241,23,Male,Low,None,23,0,0,1
3.72472741749349,1361,24,Male,High,None,18,1,1,0
3.8990412473152842,1341,19,Female,Low,Many,14,0,1,1
2.294146961858076,1426,21,Male,Middle,Few,15,1,1,1
3.853175250322989,484,17,Female,Low,Many,15,1,1,1
2.9842325861590764,727,19,Male,Middle,Few,6,1,1,1
2.5164887765979165,1215,17,Male,Middle,None,27,1,0,0
2.9182715124765224,853,20,Male,Middle,Many,15,1,1,0
3.960065150570954,1028,17,Male,Middle,None,36,1,1,1
2.9852361879857394,1577,20,Male,Middle,Few,8,0,1,0
2.657503220575016,1064,18,Male,Low,Few,15,0,1,0
3.2668017086334515,411,18,Male,Middle,Few,3,0,1,1
2.4802912375563864,1556,22,Male,Low,None,13,1,0,0
2.1517266562173276,703,22,Female,Middle,Few,34,0,1,1
2.2577594438212985,1374,21,Female,High,None,24,0,1,1
2.2560916779155447,1182,19,Male,Middle,Many,32,0,0,1
2.303805387024589,442,21,Male,High,Few,32,1,1,1
2.2776543452988203,1343,20,Female,Middle,Few,30,1,1,1
3.281749489606429,742,21,Male,Middle,Few,13,1,1,1
2.3637601687982897,897,17,Male,Middle,Many,1,0,0,1
2.6913345666477264,763,20,Female,High,Few,34,1,0,0
3.7935768198120234,1290,22,Male,High,None,15,1,1,1
2.9479232805257447,826,18,Male,Middle,None,14,1,0,1
3.3351154770420544,1404,22,Female,Low,Few,29,1,1,1
2.3446397424032597,420,19,Male,Middle,Few,34,0,1,0
2.3845780376173416,806,20,Male,High,Many,18,1,1,1
2.0817372325329577,1018,20,Female,Middle,Many,7,0,1,0
2.3378701261443293,1414,17,Male,High,Many,29,0,1,1
2.5571806780639172,735,19,Female,High,Few,31,1,0,1
2.3540209685534936,1540,18,Male,High,Many,25,0,1,0
2.177405067514111,1547,23,Male,Middle,Many,38,0,1,1
2.2412717422012016,798,20,Female,High,None,14,1,1,0
2.9215575360654515,1192,20,Female,High,Many,8,0,1,1
2.412667436811585,1114,17,Male,Middle,None,27,1,1,0
2.728539722096151,450,21,Female,High,None,2,1,1,1
3.006834541709714,723,24,Female,Middle,Many,17,1,0,0
3.3807896572587306,1188,18,Male,High,None,37,1,0,0
2.078624279682198,540,22,Male,Low,Few,14,1,1,1
3.5988207978180853,869,19,Male,Low,Few,25,1,1,0
3.2558007789818157,1186,20,Female,High,Many,30,1,1,1
2.163518063897744,1363,20,Female,Low,Few,29,1,1,0
3.7471572482135542,1407,22,Female,Middle,None,20,1,1,1
3.8417448010636264,772,18,Female,Low,Few,21,1,1,1
2.1221559197097273,893,24,Male,High,Many,22,0,1,1
2.5537552962944075,1150,21,Female,High,Many,35,0,0,1
3.6124025595861227,1579,20,Male,Middle,None,37,1,1,1
3.4965193807673165,690,24,Female,High,Many,16,0,1,0
2.3690420387127546,1567,18,Male,Middle,Few,17,0,0,0
2.4186986466734206,505,22,Male,Low,Many,16,1,1,1
2.740944205582764,1069,17,Male,Low,None,2,0,1,1
2.9690459703820427,401,21,Female,Middle,Many,4,0,0,1
3.236509543060592,988,19,Male,Middle,Few,21,1,1,0
2.7378272791395446,1043,20,Male,High,None,39,1,1,0
2.925069432266296,489,18,Female,Low,Few,34,0,0,0
3.494941876267513,749,17,Male,Middle,None,30,1,1,1
2.073366405781196,1531,19,Female,Low,Many,6,1,0,1
2.5048738886880413,1462,23,Female,Middle,None,17,0,1,0
3.426699171769105,1308,18,Male,Low,None,39,0,0,1
3.7904136753743987,558,18,Male,High,Many,25,1,1,1
3.023354884231332,1358,19,Female,Low,Few,5,1,1,1
3.0642269705306315,711,17,Male,Low,Many,5,1,0,0
2.214344022679552,844,23,Female,Low,None,20,1,1,1
2.8948247336469093,697,24,Female,Low,Many,16,1,1,1
3.065234532910046,1351,24,Female,Low,None,37,0,1,1
2.4849410072694593,435,22,Male,High,Many,9,1,1,1
2.5384864618987617,1507,17,Female,Middle,Many,5,0,1,0
2.7545683262092453,1595,21,Male,Low,Few,2,1,0,0
2.0401423955554527,958,20,Male,High,None,9,1,0,1
2.6441583311663566,1290,19,Male,Low,Few,36,0,1,0
2.422896013993089,540,22,Male,Low,None,22,1,1,1
2.654994704355829,1286,23,Female,Middle,Many,22,0,1,1
2.2395242636385024,1541,19,Male,Low,None,22,0,1,1
3.78105456147979,1125,19,Female,High,Few,34,1,1,0
3.1871849071080973,1449,17,Female,High,Few,29,0,1,0
3.358204638288979,920,20,Male,Middle,Few,38,1,1,1
3.578342477214677,409,21,Female,Low,None,33,0,0,0
2.9968843978581146,1383,24,Female,High,Few,18,1,1,1
2.1738405761748476,777,18,Male,Low,Few,7,1,1,1
3.074213083637096,1081,18,Female,Low,Few,1,1,1,1
3.173682236041758,983,19,Female,Low,Many,33,0,0,1
3.49087894836866,551,24,Female,Middle,Many,1,1,1,0
2.863319092459359,1119,24,Female,Low,None,24,0,1,0
2.2551606055911275,1472,20,Male,High,None,4,0,0,1
2.5675518115974487,1577,23,Female,Low,Few,4,0,1,1
2.72616459279727,1258,23,Female,High,Many,18,0,1,1
3.2918344826632024,449,22,Female,Low,Few,27,1,1,1
3.1415566093378238,1063,17,Female,High,Few,32,0,1,1
2.7121934517956925,930,20,Male,High,Many,33,1,1,0
3.9730304975859596,1483,20,Female,Low,Many,28,1,0,0
3.211549638713774,1590,17,Male,Low,Many,36,0,0,1
2.474453583471989,1256,24,Female,High,None,6,1,1,0
2.2035649452408075,545,23,Male,Middle,None,16,0,1,1
2.305718278368664,1314,23,Male,Low,Few,34,0,0,1
2.491915456769016,1392,24,Male,Middle,None,23,0,1,1
2.321362746519111,641,23,Male,Low,Many,24,1,1,1
2.3731340481026115,980,19,Male,Low,Many,13,1,1,0
2.570190337387694,1086,20,Female,Low,None,18,0,0,0
2.3467471905895096,882,18,Female,Low,Few,13,0,1,1
3.7935308492528503,1531,17,Female,Middle,Few,37,1,0,1
2.1604674913232844,1072,23,Male,Low,None,39,0,1,1
3.0490227791405093,1030,22,Female,High,Few,17,1,1,1
2.8207936539793232,1060,23,Male,High,Few,15,1,1,0
3.964757233817213,1061,23,Male,Middle,Few,18,0,0,1
2.2240778043361047,1204,21,Female,Low,Many,23,1,0,1
2.7957111980914835,818,19,Female,High,Many,30,0,1,0
3.9389408665507375,1387,17,Male,Middle,None,34,1,1,1
3.7310142517879603,1583,21,Male,Low,Many,4,1,1,1
3.6341441418985596,1049,21,Female,High,Few,3,0,1,1
2.5158056540898794,1368,22,Female,High,Many,7,0,1,0
2.341775174780132,989,20,Female,Middle,None,18,1,1,1
3.337286439848862,1500,22,Female,Low,Many,7,1,0,0
3.858751978255172,908,20,Male,Low,Few,6,0,0,0
3.11352578602786,840,20,Female,High,Few,22,1,0,1
3.1432253789397997,1320,17,Female,High,None,1,0,1,1
2.5599581873205683,1169,23,Female,High,Many,4,0,1,1
3.538985866383874,662,17,Male,Low,Many,29,1,1,0
2.3740874971150467,1036,19,Male,Middle,Many,21,0,0,0
2.647358472808487,1590,20,Male,Middle,Few,26,1,0,1
2.850872877232834,858,21,Male,Low,None,14,0,0,0
3.01522075736891,1398,23,Female,Middle,Many,9,1,1,0
2.4848194648301605,1099,18,Male,High,Few,12,0,1,0
2.229673649478407,701,19,Female,Middle,Few,6,1,1,1
3.221240084883265,1525,17,Female,Middle,Few,20,1,0,0
2.5772611064805115,953,22,Female,Middle,Many,24,0,0,1
3.1624764428452243,687,19,Female,High,Many,27,1,0,0
2.308725430548405,1590,19,Male,Low,Many,38,0,0,0
2.9622802037096347,1020,23,Male,High,Many,8,0,1,1
3.0651788651031717,1405,19,Male,Low,Many,1,1,0,0
2.103647073644854,435,19,Female,Low,Many,24,0,1,1
2.6732085563878414,1143,18,Female,Low,Many,7,1,1,0
2.2688293538779485,752,24,Female,Middle,Many,19,1,1,1
2.1267499409455355,472,22,Female,Middle,Many,22,1,1,0
3.9799204647798905,1047,22,Female,Low,Few,35,0,1,0
2.644707689949446,1493,22,Male,Low,Many,30,0,0,1
3.6197488917092695,824,20,Female,Middle,None,29,0,1,1
2.5092813095275277,1398,21,Male,High,Few,22,1,1,0
3.3630054444478583,1107,24,Female,Low,Many,11,1,0,1
3.520455719779373,960,22,Female,High,None,20,1,1,1
3.1912774812156885,1227,19,Male,Middle,Many,29,0,1,1
2.9431523771003167,1355,19,Male,Low,None,34,0,1,1
2.823681828294537,916,22,Female,High,None,1,0,0,0
2.6977365330859904,827,23,Female,High,None,31,0,0,1
3.8590582884956515,559,22,Female,High,None,30,0,1,0
3.6612388155754583,548,19,Female,Middle,Few,18,0,0,0
3.930053821333025,1175,20,Male,Middle,Few,17,0,1,1
2.2485944469710892,466,17,Female,High,None,38,0,1,1
3.4617349504072887,1413,17,Male,High,Many,14,0,0,1
3.8766809136420757,780,24,Female,Middle,None,23,0,1,1
2.3624661323313205,457,24,Male,High,Few,25,0,1,1
2.132992534733555,741,22,Male,High,Many,15,0,0,0
3.482241298580118,1553,18,Female,Middle,Few,22,1,1,1
3.148946226359824,1126,22,Male,High,Few,3,0,1,0
3.683657553516544,1595,23,Female,High,Many,19,0,1,1
2.279544753252579,1169,22,Male,High,None,34,0,1,1
3.5905346237197806,1013,24,Female,Middle,None,35,0,1,0
2.403254640095489,753,17,Male,High,None,1,0,1,1
2.327311885731409,515,19,Female,Middle,None,21,0,1,0
2.328531595861986,1061,22,Female,Middle,Many,29,1,1,0
3.629149440462764,852,19,Male,Low,Many,6,0,1,1
3.3303944413924,686,19,Male,Low,Many,37,0,1,0
3.0461308495382386,1416,18,Male,High,Few,1,1,0,1
2.7176609682470048,710,19,Male,Middle,Many,1,0,1,1
3.7544010816262166,607,17,Female,Low,None,27,0,1,1
2.7848902148452708,1017,20,Male,High,Few,21,1,0,1
3.633198878943154,845,20,Female,Low,None,16,1,1,1
2.8782698171404366,1069,21,Male,Low,None,26,0,0,1
2.753888858849815,1032,23,Female,Middle,Many,16,0,0,1
2.9253595713392126,454,22,Female,Middle,Many,28,0,1,1
2.602755748328284,1311,23,Female,Low,None,1,0,1,1
3.4952187603525022,1435,17,Female,Low,None,36,1,0,0
3.0054407801849585,1056,19,Male,Middle,Few,10,0,1,0
2.4644253902936346,1379,20,Male,High,Many,17,0,1,1
3.799149146549137,914,23,Female,Middle,Few,23,1,0,1
2.767782442746423,636,17,Male,Low,Few,7,1,1,1
3.087105722227977,747,20,Male,High,Few,7,0,1,1
3.8129442219290937,1026,19,Female,Low,None,15,1,1,1
3.248475991827984,1527,23,Male,High,Few,34,0,1,1
2.2337960814167284,1029,20,Male,Low,Few,4,1,1,1
3.87966424722695,763,22,Male,High,None,14,0,0,1
3.2554161061428357,720,24,Female,High,Many,14,0,0,0
2.6698112293141723,685,22,Male,Low,Many,16,0,1,1
2.2785441453267747,548,21,Female,High,Few,7,0,1,1
3.5880503785405917,1507,21,Male,Middle,None,32,0,0,0
3.240145511857027,805,20,Male,Low,Many,19,1,1,1
3.0669221839526433,1377,24,Male,Middle,Few,2,1,1,0
3.7877851661019153,855,17,Female,Low,Few,10,0,0,1
3.5771944224490615,1199,22,Female,High,None,17,0,0,1
2.3033497594655024,1584,17,Male,High,Few,37,0,1,1
2.6234441355910967,1412,24,Female,High,Many,12,1,1,1
2.4969782796289315,1183,17,Male,Low,None,6,1,0,1
3.487892585145354,859,24,Female,Middle,Many,22,1,1,1
2.067064869471559,1137,20,Female,Middle,Many,32,1,1,0
3.139779369742633,908,17,Male,Low,Many,20,0,1,1
3.524917371481381,880,22,Male,Low,Few,1,0,0,0
3.7535312735234987,513,19,Male,Middle,Few,6,1,1,0
2.6841634974318147,1148,21,Male,Middle,Many,19,1,1,0
3.6425146093440257,760,19,Female,Middle,Many,18,0,1,1
2.2212634739104145,740,17,Female,Middle,None,6,0,1,1
3.692904583469036,1169,19,Female,Low,None,33,1,1,1
2.254977324663965,1160,22,Male,Low,Few,23,0,1,0
2.7945745811207345,1368,22,Male,High,Few,23,0,1,0
3.5945907315591072,848,17,Female,Middle,None,26,1,0,1
2.2998348546975476,1234,20,Male,High,Many,13,0,0,1
2.4585027904652828,710,19,Female,Low,Few,7,0,1,1
3.4445051367861326,661,20,Female,Low,Many,15,1,0,0
3.4400730730921487,805,20,Female,High,None,27,1,0,0
3.2822952657705944,542,24,Female,Middle,Few,26,1,1,1
3.3878968889342,741,18,Female,Middle,Few,33,0,0,1
3.0854488866951923,1524,17,Male,Middle,None,15,0,0,0
2.5035981178139055,643,21,Male,Middle,Few,36,1,0,0
2.691391987007839,889,22,Male,High,None,27,1,1,1
2.3631954336028516,411,22,Female,High,Few,5,0,1,1
3.8169011226672565,960,17,Female,Low,None,2,1,1,1
3.166783589532241,441,24,Female,Middle,Few,33,0,1,0
2.80170283352728,1077,23,Female,Middle,Many,16,0,1,0
2.924011607288265,993,23,Male,Middle,Many,23,0,1,1
3.8945666792236304,1581,23,Male,High,Many,38,0,1,0
2.3067028062321606,533,24,Female,Middle,Few,16,0,1,1
3.1724596640335943,1490,21,Female,High,Few,14,1,1,1
3.011777357768932,1430,22,Female,Middle,Many,29,1,0,0
3.222908470869296,1347,17,Male,Middle,Many,26,1,0,1
2.036220367641681,472,24,Male,Low,None,35,0,0,1
3.744247817888303,798,22,Male,Middle,None,15,0,1,1
3.864236564967225,977,20,Female,Middle,None,3,0,1,1
3.130266367178418,1258,19,Female,Low,Many,23,0,1,0
3.3933016477537845,529,19,Male,High,Many,29,1,0,1
3.8449987623545914,1330,24,Female,High,Many,34,1,1,1
3.414477268626797,665,22,Male,Middle,None,33,1,1,1
2.305078085828523,1192,18,Female,High,Few,23,0,1,0
3.1525767203336263,652,21,Male,Middle,Many,7,0,1,1
3.213430092765712,1221,23,Female,Low,Few,3,0,1,1
2.848261342604772,563,21,Male,Low,Few,32,0,1,1
3.472888471249446,494,21,Male,Middle,Few,31,1,1,1
3.8687340295380297,1232,24,Male,Low,None,18,1,1,1
3.8511370258135527,1533,20,Male,Low,Few,7,0,0,1
2.901678742808264,735,21,Male,Middle,Many,1,1,0,1
2.2264760916815103,1221,19,Male,Middle,None,14,1,1,0
3.969682397924669,637,20,Female,Low,Many,32,0,0,1
3.677796172891868,780,17,Female,High,Many,6,1,1,0
2.249325362406534,1298,21,Female,High,None,39,0,0,1
3.8416837652347446,882,21,Male,Middle,Many,10,0,1,0
3.7397927241242566,1301,17,Male,Middle,Many,7,1,1,1
3.037676114252144,1448,21,Female,High,None,26,1,1,0
3.1825508714898585,1540,17,Male,Low,Many,34,0,1,1
2.7980054077402605,881,20,Male,High,Few,30,0,1,1
2.1095232776440627,1316,19,Male,High,Many,36,1,1,0
2.670394483291802,1393,17,Male,High,Few,21,1,0,1
3.605706897196023,1363,18,Male,High,Many,17,1,1,1
2.0092640460092057,936,24,Female,Middle,None,33,0,0,1
2.6669983433822884,1502,24,Female,Middle,None,10,1,1,1
2.796337387181887,1596,17,Female,Low,Many,12,0,1,0
3.0747912058758455,1435,24,Female,Low,None,16,1,1,1
3.839711232825521,527,21,Female,Low,Many,32,0,1,0
2.6926919887319225,491,23,Male,Low,None,15,1,1,1
2.6939064037924556,942,23,Male,High,Few,27,0,1,1
3.4750024962194965,1245,24,Male,Middle,Many,28,0,1,0
2.904435881779614,1388,20,Male,Middle,Few,17,0,1,1
2.449209645879964,846,22,Female,Low,Few,2,0,1,0
2.904879032265387,789,20,Female,Low,Many,36,1,1,1
2.2817140407595997,1071,22,Female,High,Few,7,1,1,0
2.3527739730124466,442,23,Male,High,Many,13,1,1,1
2.9967355454789595,653,23,Female,Low,Few,15,0,1,0
2.837850899009096,1553,17,Male,Middle,Many,25,1,1,1
3.8296918021362,1483,19,Female,Middle,Many,23,1,1,1
2.7247877982332662,1062,18,Female,Middle,None,22,0,0,0
3.161176700556087,866,20,Male,Low,Many,26,0,1,1
3.2645285758390608,686,21,Male,Middle,Many,33,1,1,1
2.026188913176667,1410,22,Female,High,Few,11,1,1,1
3.327074744033421,1177,24,Female,High,Many,10,1,1,1
2.3560719337395026,744,21,Male,Low,None,25,0,1,1
3.92214063493891,1041,19,Female,High,Few,37,1,0,0
2.297325455506226,781,22,Female,Low,Few,38,0,1,0
2.8292482474540472,1089,20,Male,Middle,None,24,1,1,1
2.1706993361572877,1479,17,Female,Middle,Few,33,1,0,1
3.9937485036918945,856,21,Male,Middle,Few,17,0,0,0
3.004390020662485,1382,19,Female,High,Few,24,1,1,0
3.190770034640088,482,20,Male,Low,Few,37,0,1,1
2.134152954776855,1522,23,Female,Middle,None,2,1,1,1
3.4999209407983556,548,23,Male,Low,None,32,0,0,0
2.4198111861911715,1579,20,Female,Middle,Few,24,0,0,1
3.7961085788814275,589,20,Male,High,Few,9,0,1,1
2.4102792809640143,1282,20,Female,High,None,4,0,1,1
2.381375441327333,662,22,Female,Low,None,17,0,1,0
2.07309933569619,1503,20,Female,High,None,17,1,1,1
2.9441338902199985,799,21,Female,High,Few,30,1,0,1
3.129682266525233,1163,19,Female,Low,Few,11,1,1,0
2.1314172788567047,1008,22,Female,Middle,Many,21,0,0,1
3.551055233390021,1184,20,Female,High,None,21,1,1,0
2.9065776694960554,500,18,Female,Low,Few,18,0,1,0
3.0487805386551603,1219,24,Female,High,None,29,1,0,1
2.881525493876456,1219,18,Male,High,Few,24,0,0,1
2.801526121750652,819,19,Male,High,None,10,1,0,0
3.1192806626164358,523,23,Female,High,Few,17,1,1,1
2.310480491861425,821,17,Male,Low,Many,18,1,1,1
2.3638562609905422,1486,17,Female,Low,Many,20,0,0,1
3.7235712420270346,1167,24,Female,Low,None,37,0,1,1
3.8922309242672655,882,23,Male,High,Few,18,0,0,0
2.746618632559506,918,22,Female,High,Few,17,1,1,1
2.5414893462871078,554,22,Female,High,None,9,1,1,1
3.2879990864780315,491,22,Male,Low,Few,14,0,1,1
2.817468342196193,1381,17,Male,High,None,29,1,1,1
2.0507727113206897,854,18,Female,Middle,Few,31,1,1,0
2.3123051947323807,997,17,Male,High,None,4,1,1,0
3.431944457694795,909,21,Male,Middle,Few,18,0,1,1
3.3178478838203027,785,20,Female,High,None,20,0,1,1
2.054191985006967,804,22,Male,Low,Few,9,0,0,1
2.4439443238658987,645,18,Male,High,Many,13,1,0,1
2.462149593176143,1141,19,Female,Middle,Few,15,0,1,0
3.343785487197457,1060,24,Male,Middle,None,27,0,1,1
2.039421075508728,1049,19,Male,High,Many,15,1,1,1
2.208217163969148,1300,20,Female,Middle,Few,28,1,1,0
3.599832170746379,464,18,Female,Middle,Many,37,1,1,1
2.3570893241086672,1436,17,Female,Low,Few,19,0,1,1
3.305492215703749,612,17,Male,High,Many,26,0,1,1
2.476365562093453,641,21,Female,High,None,26,1,1,0
2.1988827855186903,892,21,Female,High,Few,25,0,1,0
2.486344381998908,737,17,Male,Middle,Few,26,0,0,0
3.4445338637113183,572,19,Female,High,None,26,0,1,1
3.7113929362125715,1071,24,Female,High,Many,28,0,1,0
3.660439729133983,563,22,Female,Low,None,18,0,1,1
2.79436705923691,864,19,Female,Low,None,32,1,0,1
3.3361702731412923,1394,24,Male,Low,Many,3,1,0,1
2.409968590831642,896,21,Female,Middle,None,2,1,1,1
2.5862954605220265,1099,20,Female,High,Few,33,0,1,1
3.7926716370422398,794,24,Male,Low,Few,19,0,1,1
2.026003847021472,1102,17,Female,Low,Few,17,0,1,1
2.171017061708936,707,21,Male,Low,None,33,1,1,1
2.4157725102920544,582,21,Male,High,Few,12,0,1,1
2.053064407747639,1028,22,Male,High,Few,3,1,0,1
2.3628708701795946,909,17,Female,High,Few,26,1,1,0
3.1660831219393843,945,22,Male,Middle,Few,35,0,1,1
2.8428491011849957,1023,17,Male,Middle,Few,8,0,0,1
3.7853434221539497,993,22,Male,Low,Few,36,1,1,0
3.634887123476882,1143,24,Female,High,None,7,1,1,0
2.683634703395752,953,19,Female,Low,Few,36,0,1,0
2.518846866862585,420,20,Female,High,Few,16,0,1,1
2.759384816334534,953,20,Female,High,Many,24,1,1,0
3.1805898850296153,796,17,Female,High,None,1,0,0,1
2.5361272816457525,1024,18,Female,Middle,None,25,0,1,0
3.248297815698268,504,23,Female,Middle,None,10,0,1,0
2.818823304382481,591,21,Male,High,None,16,1,1,1
3.1040943617039605,416,21,Male,Low,Few,16,0,1,0
2.8722530582706334,1543,17,Male,High,Few,8,0,0,1
2.588931519083835,792,24,Male,High,Many,29,0,0,0
3.8969066139243136,824,22,Female,Low,Many,39,1,1,1
3.5272115883195214,528,18,Male,High,None,28,1,0,0
2.280226351532905,1553,19,Male,Low,Many,6,1,1,0
3.7369359517958256,971,22,Male,Middle,Many,16,1,1,1
2.9748623964990273,428,22,Male,Middle,None,20,1,1,1
3.789104453788183,1520,17,Female,Low,None,16,0,1,0
3.5997105118946306,1433,17,Female,Middle,Many,7,0,1,1
2.8504270089384667,641,24,Female,Middle,Few,14,1,1,1
2.044938616640235,631,21,Male,Low,Many,26,0,0,0
2.537354718769892,1188,17,Female,Middle,Many,26,0,0,0
3.083268429321734,1114,17,Male,High,Few,14,1,0,1
3.2669564396522945,1158,17,Female,High,Few,7,0,1,1
2.515775370866405,1201,24,Female,Low,None,33,0,0,1
2.2787121481456483,1175,21,Female,Middle,None,26,1,1,1
3.6698604735985985,1125,19,Female,High,Many,20,1,1,1
3.9688043614071042,599,19,Female,High,Few,3,0,1,0
3.0513803646053717,1344,23,Male,Middle,None,4,1,0,0
2.3433585716966068,478,23,Female,Middle,Many,26,1,1,0
2.544614653038738,1355,17,Male,High,Few,11,1,0,1
2.0367813530949332,1255,23,Male,High,Many,2,0,1,1
3.828597613120998,1596,21,Male,Low,None,14,0,1,1
2.2355021657802823,866,24,Male,Low,None,30,1,1,1
3.153032951028507,980,19,Male,High,Few,12,1,1,1
2.548110441374412,1339,22,Female,Low,Many,26,1,0,1
3.108356005031587,848,19,Female,High,Few,33,0,1,0
3.3028407767037287,486,19,Female,High,None,13,0,1,1
3.659483607414403,500,21,Female,Low,None,14,1,1,1
2.412842543521206,1431,23,Male,Low,Many,24,0,1,0
2.0219916573169607,1244,22,Female,Middle,Many,34,1,1,1
2.2737712601376145,486,21,Female,Middle,Many,26,0,1,1
3.80003728369621,442,17,Male,Middle,Few,21,0,1,0
3.7477801551250307,807,24,Male,High,Many,28,1,1,0
3.1948262043406164,1063,20,Female,Low,Many,36,1,1,1
3.201033720867307,1440,19,Female,High,None,2,0,1,1
3.330073349092511,547,20,Male,Low,None,9,0,1,1
2.350742557246899,676,24,Female,High,Many,23,1,0,0
3.8288238918499196,631,24,Female,Middle,Many,15,0,0,0
2.8375410497841465,765,21,Female,Middle,None,13,1,1,0
2.766277056498995,835,21,Female,Middle,Many,23,1,1,0
3.037835410565675,798,21,Male,High,Few,17,0,1,0
2.09393193355011,898,20,Male,Low,Few,2,1,0,1
2.332566737512159,939,21,Male,Low,Few,20,0,0,0
3.476067232852741,962,24,Female,Middle,Many,20,1,1,1
2.165597335850253,841,17,Female,Middle,None,3,0,1,0
3.206304218932776,1172,21,Female,Middle,Many,12,1,0,0
2.490698219362642,749,18,Female,Middle,Many,2,0,1,1
2.778591228083953,919,23,Female,Low,None,36,0,1,1
2.5773874735413997,537,20,Male,High,None,14,1,1,1
2.7113454329298983,1391,18,Female,High,None,16,1,1,1
3.438091810368491,767,21,Female,High,Few,19,1,1,0
2.5942434312463503,759,24,Male,High,Many,34,0,1,1
3.1328092805937944,1320,17,Female,Middle,None,6,1,1,0
2.9521008043981993,728,19,Male,Middle,Many,13,0,0,1
3.3273423307252963,1361,22,Male,Middle,Few,36,0,1,0
3.873659478649516,862,23,Male,High,Few,22,1,1,1
3.4651441944205006,1345,22,Male,Middle,None,18,0,1,0
2.4298807571815138,1362,21,Male,Middle,None,12,1,1,1
2.0623662701225696,1235,23,Female,Low,Many,30,1,1,1
2.5245280885996504,568,23,Male,Low,None,7,1,1,1
3.19015586140051,616,17,Male,Middle,Many,32,1,0,1
2.1028516269685005,777,23,Female,Low,None,19,1,1,1
2.992732494402473,518,20,Female,Low,Many,6,0,1,1
3.1936856978337786,589,18,Male,Middle,Many,20,1,1,0
2.668487781633922,1166,18,Female,Middle,Many,27,0,1,0
3.541824407491644,769,18,Female,Middle,Many,37,0,1,1
2.2131965062675434,548,20,Male,Middle,Few,7,1,0,1
2.1502755634716175,1051,22,Male,High,Many,5,1,1,0
3.4563775124072067,1169,17,Female,High,None,11,1,1,0
2.990982632412397,773,23,Male,Middle,Few,15,0,1,1
3.376804792855472,1180,20,Male,Low,Few,3,1,1,0
2.8696546772074925,559,18,Female,Middle,Many,5,0,1,1
2.4928040664782136,750,21,Male,Middle,Few,23,1,1,0
3.6382046353483997,1291,19,Male,Low,Many,37,1,1,1
3.5988317579379583,922,23,Male,High,None,9,1,0,0
3.3893929417088535,921,20,Male,Middle,Many,15,0,1,1
2.544290274459925,1182,24,Male,Middle,Few,3,0,0,0
3.180461333738174,672,20,Female,High,None,29,0,0,1
2.7219477938800534,1335,17,Female,High,Many,6,1,0,1
2.1831641466532683,582,17,Male,Low,None,17,1,1,0
3.8346271509244856,887,20,Female,High,None,26,0,1,1
2.273637261837923,1245,18,Male,High,Few,21,1,0,1
3.900474707641605,523,19,Male,High,None,8,1,0,0
2.8920115459159117,1384,23,Male,Low,Few,21,1,1,1
